{"cameraMode":{"drawMode":0,"name":"Shaded","section":"Shading Mode"},"sceneLighting":false,"audioPlay":false,"sceneViewState":{"m_AlwaysRefresh":false,"showFog":true,"showSkybox":false,"showFlares":true,"showImageEffects":true,"showParticleSystems":true,"showVisualEffectGraphs":true,"m_FxEnabled":true},"in2DMode":false,"pivot":{"x":0.0063929143361747269,"y":2.3915657997131349,"z":-0.19392070174217225},"rotation":{"x":-0.0002060711703961715,"y":0.9997112154960632,"z":0.022187676280736924,"w":0.009298205375671387},"size":2.2276062965393068,"orthographic":false}