{"cameraMode":{"drawMode":0,"name":"Shaded","section":"Shading Mode"},"sceneLighting":true,"audioPlay":false,"sceneViewState":{"m_AlwaysRefresh":false,"showFog":true,"showSkybox":true,"showFlares":true,"showImageEffects":true,"showParticleSystems":true,"showVisualEffectGraphs":true,"m_FxEnabled":true},"in2DMode":false,"pivot":{"x":-1.1767184734344483,"y":5.170446395874023,"z":-1.2249079942703248},"rotation":{"x":0.33583346009254458,"y":-0.08070391416549683,"z":0.028895247727632524,"w":0.9380185008049011},"size":0.988278865814209,"orthographic":false}