{"cameraMode":{"drawMode":0,"name":"Shaded","section":"Shading Mode"},"sceneLighting":false,"audioPlay":false,"sceneViewState":{"m_AlwaysRefresh":false,"showFog":true,"showSkybox":false,"showFlares":true,"showImageEffects":true,"showParticleSystems":true,"showVisualEffectGraphs":true,"m_FxEnabled":true},"in2DMode":false,"pivot":{"x":16.89434051513672,"y":0.5155202150344849,"z":-0.19361495971679688},"rotation":{"x":0.055777281522750857,"y":-0.007495122030377388,"z":0.00042405290878377855,"w":0.9984118342399597},"size":2.8372766971588136,"orthographic":false}