{"cameraMode":{"drawMode":0,"name":"Shaded","section":"Shading Mode"},"sceneLighting":false,"audioPlay":false,"sceneViewState":{"m_AlwaysRefresh":false,"showFog":true,"showSkybox":false,"showFlares":true,"showImageEffects":true,"showParticleSystems":true,"showVisualEffectGraphs":true,"m_FxEnabled":true},"in2DMode":false,"pivot":{"x":0.22222764790058137,"y":1.4023362398147584,"z":-1.6741695404052735},"rotation":{"x":-0.002633994212374091,"y":0.9836843609809876,"z":0.014451845549046994,"w":0.17930611968040467},"size":2.2414629459381105,"orthographic":false}